body,event.name,framework.duration_ms,framework.event_id,framework.field.atributos,framework.field.autenticacoes,framework.field.avisos,framework.field.conceitos,framework.field.consistente,framework.field.dados,framework.field.durationMs,framework.field.encaminhamentos,framework.field.encerramento,framework.field.enlaces,framework.field.errosCorrigidos,framework.field.errosSemCorrecao,framework.field.hardening,framework.field.httpStatus,framework.field.ip,framework.field.linhas,framework.field.login,framework.field.metodo,framework.field.naoInterpretadas,framework.field.passos,framework.field.passosSelecao,framework.field.pendencias,framework.field.protecoes,framework.field.protocolo,framework.field.resultado,framework.field.rota,framework.field.roteadores,framework.field.status,framework.field.total,framework.field.traceId,framework.module,framework.status,http.request.method,http.response.status_code,http.route,severity,timeUnixNano,traceId
evento=http_access status=ok durationMs=1 httpStatus=200,http_access,1,ad1e2deb-ca3e-40dd-809b-d7df943af1b7,,,,,,,1,,,,,,,200,,,,,,,,,,,,,,,,,web,ok,GET,200,/manifest.webmanifest,INFO,1786419576000000000,04c23c751f144e39bdd444be767c932c
evento=http_access status=ok durationMs=11 httpStatus=200,http_access,11,6c71d5eb-2d2c-4ef6-af13-195b314dedc1,,,,,,,11,,,,,,,200,,,,,,,,,,,,,,,,,web,ok,GET,200,/telemetria,INFO,1786419576000000000,55dc983744ae4b5eb496b804f89868e0
evento=http_access status=ok durationMs=7 httpStatus=200,http_access,7,64164ac5-6eeb-46a1-b2af-05fc12247b2c,,,,,,,7,,,,,,,200,,,,,,,,,,,,,,,,,web,ok,GET,200,/manifest.webmanifest,INFO,1786419571000000000,b55f3e5527da43d8ab8951184d2074a5
evento=http_access status=ok durationMs=13 httpStatus=200,http_access,13,82f1487e-e74c-4f02-a728-ee2ff832844c,,,,,,,13,,,,,,,200,,,,,,,,,,,,,,,,,web,ok,GET,200,/,INFO,1786419570000000000,37ddaf373d174fca9aef90c8b295e037
evento=http_access status=ok durationMs=55 httpStatus=200,http_access,55,c8cf9559-3450-4172-b8cc-1bba50edb4d9,,,,,,,55,,,,,,,200,,,,,,,,,,,,,,,,,web,ok,GET,200,/telemetria,INFO,1786419545000000000,cf98223284ed46cd85aa2dd26dc1f445
evento=app_start status=ok status=ok,app_start,,71819f50-ca40-4d09-94ba-7870131c47ec,,,,,,,,,,,,,,,,,,,,,,,,,,,,ok,,,sistema,ok,,,,INFO,1786419016000000000,
evento=pagina_erro_exibida status=warn metodo=GET rota=/rota-inexistente-para-verificar-csp traceId=err-9bf3d771-5b5f,pagina_erro_exibida,,94e78971-1b83-40a0-a078-3004ab7c8e12,,,,,,,,,,,,,,,,,,GET,,,,,,,,/rota-inexistente-para-verificar-csp,,,,err-9bf3d771-5b5f,paginaErros,warn,,,,WARN,1786418394000000000,
evento=http_access status=ok,http_access,1,3e864cba-8eff-4e73-8a34-1f2a4c6f02b3,,,,,,,,,,,,,,,,,,,,,,,,,,,,,,,web,ok,GET,200,/sobre,INFO,1786418391000000000,1c49857457f3485b91d00098aec799c9
evento=http_access status=ok,http_access,2,a42fc1e8-88d4-44aa-a945-5e652b0e8e71,,,,,,,,,,,,,,,,,,,,,,,,,,,,,,,web,ok,GET,200,/seguranca,INFO,1786418389000000000,ba1253c9329b4975b9da31033baf2933
evento=http_access status=ok,http_access,2,1a2ebaf3-efc8-46b3-a459-cc5a6aae8501,,,,,,,,,,,,,,,,,,,,,,,,,,,,,,,web,ok,GET,200,/diagnostico,INFO,1786418386000000000,962e24c860244e6bb214e97c8e2abd21
evento=http_access status=ok,http_access,4,86f168c7-f91c-4c6a-a24b-831f79593f49,,,,,,,,,,,,,,,,,,,,,,,,,,,,,,,web,ok,GET,200,/simuladores/api/handshake,INFO,1786418384000000000,f251335f379e451c93a06c1832604011
evento=handshake status=ok dados=true encerramento=true passos=9,handshake,,380aa2d1-88d1-4e6e-ac75-8a3b4f61f27b,,,,,,true,,,true,,,,,,,,,,,9,,,,,,,,,,,simuladores,ok,GET,,/simuladores/api/handshake,INFO,1786418384000000000,f251335f379e451c93a06c1832604011
evento=http_access status=ok,http_access,2,715cf2ab-ddc8-4acf-9291-462a37722dea,,,,,,,,,,,,,,,,,,,,,,,,,,,,,,,web,ok,GET,200,/trafego,INFO,1786418384000000000,d3a5a85ad0934716a6362c6ea0939822
evento=http_access status=ok,http_access,46,62be809f-57ba-4f26-852e-7d2c6c273557,,,,,,,,,,,,,,,,,,,,,,,,,,,,,,,web,ok,GET,200,/resolucao-problemas,INFO,1786418381000000000,109053116e6a4c5a93761eefd094705d
evento=engenharia_reversa_parse status=ok avisos=3 consistente=true enlaces=3 errosCorrigidos=14 errosSemCorrecao=0 linhas=58 naoInterpretadas=0 pendencias=0 roteadores=3,engenharia_reversa_parse,,51a9b73a-34ad-42e6-ba59-e925c11eaaf8,,,3,,true,,,,,3,14,0,,,,58,,,0,,,0,,,,,3,,,,resolucaoProblemas,ok,GET,,/resolucao-problemas,INFO,1786418381000000000,109053116e6a4c5a93761eefd094705d
evento=http_access status=ok,http_access,20,93876225-61e8-4e27-9868-7b31ece0b07d,,,,,,,,,,,,,,,,,,,,,,,,,,,,,,,web,ok,GET,200,/resolucao-problemas,INFO,1786418378000000000,e362f95a4e634fd799a55a2ef70088fc
evento=http_access status=ok,http_access,33,70566990-4fa7-407f-a597-e3fd5d351ffa,,,,,,,,,,,,,,,,,,,,,,,,,,,,,,,web,ok,GET,200,/protocolos/ssh,INFO,1786418375000000000,17cd4dd210fd4ce8957968de976a88cb
evento=aprofundamento_view status=ok autenticacoes=6 conceitos=6 encaminhamentos=6 hardening=10 protocolo=ssh,aprofundamento_view,,dfebf39f-1c12-4dd2-bcb7-b493e0d4cda9,,6,,6,,,,6,,,,,10,,,,,,,,,,,ssh,,,,,,,protocolos,ok,GET,,/protocolos/ssh,INFO,1786418375000000000,17cd4dd210fd4ce8957968de976a88cb
evento=http_access status=ok,http_access,53,162eef1a-da53-443a-867e-90e8229b8548,,,,,,,,,,,,,,,,,,,,,,,,,,,,,,,web,ok,GET,200,/protocolos/bgp,INFO,1786418372000000000,227ff04fe22146b0babb4261c09b6891
evento=aprofundamento_view status=ok atributos=8 conceitos=6 passosSelecao=14 protecoes=6 protocolo=bgp,aprofundamento_view,,77098c1e-e55f-4c1a-ad0c-94b2a57db0b4,8,,,6,,,,,,,,,,,,,,,,,14,,6,bgp,,,,,,,protocolos,ok,GET,,/protocolos/bgp,INFO,1786418372000000000,227ff04fe22146b0babb4261c09b6891
evento=http_access status=ok,http_access,54,01f89474-76dd-46ed-9e1b-208b7b967c71,,,,,,,,,,,,,,,,,,,,,,,,,,,,,,,web,ok,GET,200,/protocolos,INFO,1786418370000000000,d6d052cca14d4f29aa40352c708d9d71
evento=catalog_load status=ok total=47,catalog_load,,17e6151c-9d9b-489d-b9d2-43bb9ac8f398,,,,,,,,,,,,,,,,,,,,,,,,,,,,,47,,protocolos,ok,GET,,/protocolos,INFO,1786418370000000000,d6d052cca14d4f29aa40352c708d9d71
evento=catalog_load status=ok total=47,catalog_load,,ab7b8d58-974a-45d7-b0a4-622238206ba3,,,,,,,,,,,,,,,,,,,,,,,,,,,,,47,,protocolos,ok,GET,,/protocolos,INFO,1786418370000000000,d6d052cca14d4f29aa40352c708d9d71
evento=http_access status=ok,http_access,14,4cd766f4-8ccc-4533-9583-db8d2c79f522,,,,,,,,,,,,,,,,,,,,,,,,,,,,,,,web,ok,GET,200,/portas,INFO,1786418367000000000,ad1962a0d3ec4057838674a1cf910266
evento=catalog_load status=ok total=30,catalog_load,,9c362ee2-153b-4e5a-9cbe-1bf130dec614,,,,,,,,,,,,,,,,,,,,,,,,,,,,,30,,portas,ok,GET,,/portas,INFO,1786418367000000000,ad1962a0d3ec4057838674a1cf910266
evento=http_access status=ok,http_access,78,f4c8c702-e51f-4412-b4fc-1057df462d03,,,,,,,,,,,,,,,,,,,,,,,,,,,,,,,web,ok,GET,200,/documentacao,INFO,1786418364000000000,da2d4e9a77b94160ba60a139635e8394
evento=http_access status=ok,http_access,1,6af0cbdb-4ef9-4729-b25e-c1cfa826f428,,,,,,,,,,,,,,,,,,,,,,,,,,,,,,,web,ok,GET,200,/history,INFO,1786418360000000000,807465cc6be3448aa7a537c965f9e747
evento=http_access status=ok,http_access,1000,698488d6-a90c-4ba0-a0f5-b55a08b525bb,,,,,,,,,,,,,,,,,,,,,,,,,,,,,,,web,ok,GET,200,/api/informacoes/geo,INFO,1786418360000000000,15365ef86363456c960e164321806080
evento=history_persist status=ok total=60,history_persist,,b0b601c6-5541-4485-9862-4eaff5b8341f,,,,,,,,,,,,,,,,,,,,,,,,,,,,,60,,analiseDidatica,ok,GET,,/api/informacoes/geo,INFO,1786418360000000000,15365ef86363456c960e164321806080
evento=geo_lookup status=ok ip=visitante-001,geo_lookup,,e656f8a4-e126-4c9d-a2ac-50dd00e33f6f,,,,,,,,,,,,,,,visitante-001,,,,,,,,,,,,,,,,analiseDidatica,ok,GET,,/api/informacoes/geo,INFO,1786418360000000000,15365ef86363456c960e164321806080
evento=http_access status=ok,http_access,1,a0c5a56b-eb4a-4cda-a2fb-84c2e927103a,,,,,,,,,,,,,,,,,,,,,,,,,,,,,,,web,ok,GET,200,/history,INFO,1786418359000000000,4f55b1df80f8466384b7eb838cd9828f
evento=http_access status=ok,http_access,5,00cbb246-a746-43f9-b4b0-2f339d8ef9a6,,,,,,,,,,,,,,,,,,,,,,,,,,,,,,,web,ok,GET,200,/localizacao,INFO,1786418358000000000,9067e1ca325345dbb0254f3659660393
evento=http_access status=ok,http_access,4,8a2eff40-45f4-4833-a92c-c9a1bd83f234,,,,,,,,,,,,,,,,,,,,,,,,,,,,,,,web,ok,GET,200,/calculadora,INFO,1786418355000000000,7825ef3e30424ac7843d06e202d18722
evento=http_access status=ok,http_access,1,6fd88348-b7ae-43b6-a3ee-21773e3e1ba6,,,,,,,,,,,,,,,,,,,,,,,,,,,,,,,web,ok,GET,200,/mascara-referencia,INFO,1786418353000000000,5cd221ddf068412aa83ad94eea4cdc8e
evento=http_access status=ok,http_access,4,1ad54632-b897-48fd-b4bb-fba80b40b274,,,,,,,,,,,,,,,,,,,,,,,,,,,,,,,web,ok,GET,200,/mascara-referencia,INFO,1786418353000000000,df0a4e690dd34e1aaa06009ac03ec98b
evento=http_access status=ok,http_access,21,192e5bf7-5f1c-4eb2-85f7-6478202dd4dd,,,,,,,,,,,,,,,,,,,,,,,,,,,,,,,web,ok,GET,200,/analise,INFO,1786418353000000000,92c877543365451c9f93466591e249c4
evento=http_access status=ok,http_access,3,31ea329b-ce74-4e53-a3d8-62b071f95664,,,,,,,,,,,,,,,,,,,,,,,,,,,,,,,web,ok,GET,200,/,INFO,1786418350000000000,1b0c3ceccd9441bc8013950c20f411a3
evento=http_access status=ok,http_access,111,e1af6288-717c-47be-9bee-ba5a4977591a,,,,,,,,,,,,,,,,,,,,,,,,,,,,,,,web,ok,GET,200,/portas,INFO,1786418333000000000,4022df2f783a48b79c3890487f40bac2
evento=catalog_load status=ok total=30,catalog_load,,b492e93b-c698-46ab-9173-1263a370f572,,,,,,,,,,,,,,,,,,,,,,,,,,,,,30,,portas,ok,GET,,/portas,INFO,1786418333000000000,4022df2f783a48b79c3890487f40bac2
evento=app_start status=ok,app_start,,9e32dff7-2e3b-4cf6-9a01-bab7b634ab3d,,,,,,,,,,,,,,,,,,,,,,,,,,,,,,,sistema,ok,,,,INFO,1786418328000000000,
evento=http_access status=ok,http_access,1,d5d1519a-32d4-497d-9477-c24e7764ecfa,,,,,,,,,,,,,,,,,,,,,,,,,,,,,,,web,ok,GET,200,/manifest.webmanifest,INFO,1786416253000000000,0dbfed5f62be4f4e81bab49bea7c17f6
evento=http_access status=ok,http_access,17,e2b90d50-b543-4eef-b614-9ed56af063f8,,,,,,,,,,,,,,,,,,,,,,,,,,,,,,,web,ok,GET,200,/documentacao,INFO,1786416253000000000,cfeeace2ab1342f3a1e49e7f8441a5d8
evento=http_access status=ok,http_access,0,5e556809-538f-41e3-8b1e-5ab25560edcd,,,,,,,,,,,,,,,,,,,,,,,,,,,,,,,web,ok,GET,200,/manifest.webmanifest,INFO,1786416247000000000,1e0e1b02ce1142ea98b5ac28c5fde7f8
evento=http_access status=ok,http_access,1,2a8c1e07-6129-4b6d-b184-4d812a2a09ee,,,,,,,,,,,,,,,,,,,,,,,,,,,,,,,web,ok,GET,200,/sobre,INFO,1786416247000000000,bbb4ce3ede504cafb1a5ce5a623f61d1
evento=http_access status=ok,http_access,1,ed5eb324-c559-4da4-87b9-219799f19093,,,,,,,,,,,,,,,,,,,,,,,,,,,,,,,web,ok,GET,200,/manifest.webmanifest,INFO,1786415984000000000,48eb7a97550f405db3a611b1d39a1255
evento=http_access status=ok,http_access,10,d550754b-e61e-4f17-84d5-4ac51e5d9c6f,,,,,,,,,,,,,,,,,,,,,,,,,,,,,,,web,ok,GET,200,/portas,INFO,1786415984000000000,4e50f3e3021844b1bbd604f142c239b7
evento=catalog_load status=ok total=30,catalog_load,,f94a262a-ee6e-4176-a9a2-f13cf8563126,,,,,,,,,,,,,,,,,,,,,,,,,,,,,30,,portas,ok,GET,,/portas,INFO,1786415984000000000,4e50f3e3021844b1bbd604f142c239b7
evento=http_access status=ok,http_access,1,e852869c-df96-4cda-848c-6769ba31ada7,,,,,,,,,,,,,,,,,,,,,,,,,,,,,,,web,ok,GET,200,/manifest.webmanifest,INFO,1786415771000000000,f077b11a21ac470783c73e6d297f2373
evento=http_access status=ok,http_access,5,0fb60e86-a5ed-4046-a178-077798cd50d9,,,,,,,,,,,,,,,,,,,,,,,,,,,,,,,web,ok,GET,200,/portas,INFO,1786415770000000000,f5fe8574c20b491da9d1bf3bf2c79e74
evento=catalog_load status=ok total=30,catalog_load,,582840bb-c9a9-47ff-ad58-692124b847b7,,,,,,,,,,,,,,,,,,,,,,,,,,,,,30,,portas,ok,GET,,/portas,INFO,1786415770000000000,f5fe8574c20b491da9d1bf3bf2c79e74
evento=http_access status=ok,http_access,0,d228d9e0-04b3-463a-a043-fe10afc9b736,,,,,,,,,,,,,,,,,,,,,,,,,,,,,,,web,ok,GET,200,/manifest.webmanifest,INFO,1786415748000000000,d0cffddcb9d44d6bbc07c7defa225d5e
evento=http_access status=ok,http_access,4,d59774c5-769f-453e-a6a6-e2cf2e39778e,,,,,,,,,,,,,,,,,,,,,,,,,,,,,,,web,ok,GET,200,/portas,INFO,1786415748000000000,474767312b7040a38077c6de824d4ccc
evento=catalog_load status=ok total=30,catalog_load,,916f7b38-0b37-4eab-95b1-5750ab82005d,,,,,,,,,,,,,,,,,,,,,,,,,,,,,30,,portas,ok,GET,,/portas,INFO,1786415748000000000,474767312b7040a38077c6de824d4ccc
evento=http_access status=ok,http_access,6,6766209b-838b-442d-8c2f-be7e4ecc7190,,,,,,,,,,,,,,,,,,,,,,,,,,,,,,,web,ok,GET,200,/portas,INFO,1786415726000000000,2e0e9843aa594cba886668e769a3d53e
evento=catalog_load status=ok total=30,catalog_load,,e191ace1-bdd9-49bc-86d3-55cdd7f78ab8,,,,,,,,,,,,,,,,,,,,,,,,,,,,,30,,portas,ok,GET,,/portas,INFO,1786415726000000000,2e0e9843aa594cba886668e769a3d53e
evento=http_access status=ok,http_access,1,749792d7-e55a-48b1-a164-a0235e9a9ad0,,,,,,,,,,,,,,,,,,,,,,,,,,,,,,,web,ok,GET,200,/manifest.webmanifest,INFO,1786415632000000000,aa3420440f674e8daf3b1b03e220a769
evento=http_access status=ok,http_access,5,59de68e6-c7df-4052-8708-7cfcc36006de,,,,,,,,,,,,,,,,,,,,,,,,,,,,,,,web,ok,GET,200,/portas,INFO,1786415632000000000,4e9e7023cf59470eb79f4df44a0a3fb4
evento=catalog_load status=ok total=30,catalog_load,,95b8e8bf-e8c9-40e0-9bd9-f38bb7ff8d3b,,,,,,,,,,,,,,,,,,,,,,,,,,,,,30,,portas,ok,GET,,/portas,INFO,1786415632000000000,4e9e7023cf59470eb79f4df44a0a3fb4
evento=http_access status=ok,http_access,1,72776674-2b3a-41de-8d98-1e7a24c70f4b,,,,,,,,,,,,,,,,,,,,,,,,,,,,,,,web,ok,GET,200,/manifest.webmanifest,INFO,1786415600000000000,1aa8bc90bebc42e695d1e5ebaad5c531
evento=http_access status=ok,http_access,5,de71461f-2a8a-4c6a-a0a8-4e9e6fc75b56,,,,,,,,,,,,,,,,,,,,,,,,,,,,,,,web,ok,GET,200,/portas,INFO,1786415600000000000,7e480411b9b142829b1435818c02b0b5
evento=catalog_load status=ok total=30,catalog_load,,d988c087-a91c-46cc-a211-3b3371343c3b,,,,,,,,,,,,,,,,,,,,,,,,,,,,,30,,portas,ok,GET,,/portas,INFO,1786415600000000000,7e480411b9b142829b1435818c02b0b5
evento=http_access status=ok,http_access,12,723cbcff-0b8c-40fe-9fe5-7fb4f23f13eb,,,,,,,,,,,,,,,,,,,,,,,,,,,,,,,web,ok,GET,200,/portas,INFO,1786415533000000000,49061ff985384a9d9b91f57e1fdbcd6e
evento=catalog_load status=ok total=30,catalog_load,,1146efcf-c789-4139-a4df-0700567b8358,,,,,,,,,,,,,,,,,,,,,,,,,,,,,30,,portas,ok,GET,,/portas,INFO,1786415533000000000,49061ff985384a9d9b91f57e1fdbcd6e
evento=http_access status=ok,http_access,3,6e2c6c88-3272-4eea-85a3-a315217e5790,,,,,,,,,,,,,,,,,,,,,,,,,,,,,,,web,ok,GET,200,/manifest.webmanifest,INFO,1786415522000000000,0b949b0934254603ae958749c1b4ba31
evento=http_access status=ok,http_access,99,7e1be96c-f0d4-4d6f-8b5e-f413a0977cf8,,,,,,,,,,,,,,,,,,,,,,,,,,,,,,,web,ok,GET,200,/portas,INFO,1786415521000000000,3e77567267f642b388df1690be97fa83
evento=catalog_load status=ok total=30,catalog_load,,c0901eaa-1130-47f8-b5a3-03acc9335b3b,,,,,,,,,,,,,,,,,,,,,,,,,,,,,30,,portas,ok,GET,,/portas,INFO,1786415521000000000,3e77567267f642b388df1690be97fa83
evento=http_access status=ok,http_access,1,7bbac5d3-685f-42b8-b488-339a6b242802,,,,,,,,,,,,,,,,,,,,,,,,,,,,,,,web,ok,GET,200,/manifest.webmanifest,INFO,1786415132000000000,96ef3f59dabc4820a9261286c1691f5d
evento=http_access status=ok,http_access,17,616e7198-dd7a-44df-93b8-d9c713005981,,,,,,,,,,,,,,,,,,,,,,,,,,,,,,,web,ok,GET,200,/portas,INFO,1786415132000000000,08e95992e8e74e7dbd25be97e3c8e312
evento=catalog_load status=ok total=30,catalog_load,,6354ba0f-a4e6-4f99-8a15-6010861ef1eb,,,,,,,,,,,,,,,,,,,,,,,,,,,,,30,,portas,ok,GET,,/portas,INFO,1786415132000000000,08e95992e8e74e7dbd25be97e3c8e312
evento=http_access status=ok,http_access,2,c8886b67-3aa8-44a4-bc76-e855712169a4,,,,,,,,,,,,,,,,,,,,,,,,,,,,,,,web,ok,GET,200,/manifest.webmanifest,INFO,1786415129000000000,b9a9be9ac51e4d919e4ce2ae31f759e3
evento=http_access status=ok,http_access,4,6dec0075-614e-498d-86f7-55fe3b0c33d7,,,,,,,,,,,,,,,,,,,,,,,,,,,,,,,web,ok,GET,200,/calculadora,INFO,1786415129000000000,bdff4396f68449cf9eb966b76e6fafbf
evento=http_access status=ok,http_access,1,e10f267b-8771-4853-b902-def84345ec47,,,,,,,,,,,,,,,,,,,,,,,,,,,,,,,web,ok,GET,200,/mascara-referencia,INFO,1786415126000000000,948d486b70b14414979fbacc206852f8
evento=http_access status=ok,http_access,2,ec47536f-d5da-4246-b654-f0ae16230f2b,,,,,,,,,,,,,,,,,,,,,,,,,,,,,,,web,ok,GET,200,/mascara-referencia,INFO,1786415126000000000,96c0e4e1bce749c88ffd4f26d2593b8c
evento=http_access status=ok,http_access,1,8db78a51-e495-49e6-b6f4-c2b4169551f6,,,,,,,,,,,,,,,,,,,,,,,,,,,,,,,web,ok,GET,200,/manifest.webmanifest,INFO,1786415126000000000,63b41ed923384ac3a1957fcb6e448bc9
evento=http_access status=ok,http_access,8,5533daa6-cac2-4a1c-9136-b0aaa16a6772,,,,,,,,,,,,,,,,,,,,,,,,,,,,,,,web,ok,GET,200,/analise,INFO,1786415126000000000,96f45e4493244e1d9d83164726da0b7d
evento=http_access status=ok,http_access,1,6ccb004e-c16b-4da3-81d5-3c6ddaab06e4,,,,,,,,,,,,,,,,,,,,,,,,,,,,,,,web,ok,GET,200,/manifest.webmanifest,INFO,1786415125000000000,3be143efe3b2418fad32c47ddeb6562b
evento=http_access status=ok,http_access,4,1143b1c2-1467-424d-979b-9e6565bf4535,,,,,,,,,,,,,,,,,,,,,,,,,,,,,,,web,ok,GET,200,/,INFO,1786415125000000000,9ab56f79f283483bbad39169fe66e56f
evento=http_access status=ok,http_access,4,3725299f-23cf-4018-b423-2c96423474bf,,,,,,,,,,,,,,,,,,,,,,,,,,,,,,,web,ok,GET,200,/mascara-referencia,INFO,1786415124000000000,6573ca6778174aab8685d1aabb055586
evento=http_access status=ok,http_access,5,413be411-765b-4042-a6eb-2864d1f73fd3,,,,,,,,,,,,,,,,,,,,,,,,,,,,,,,web,ok,GET,200,/mascara-referencia,INFO,1786415124000000000,5b4d21dc003e4e8ca441c084734a298b
evento=http_access status=ok,http_access,1,83e34bfd-f52b-4e9d-9218-fde5a32c477e,,,,,,,,,,,,,,,,,,,,,,,,,,,,,,,web,ok,GET,200,/manifest.webmanifest,INFO,1786415124000000000,70f38fec65a94eb19bf4350d6158c34f
evento=http_access status=ok,http_access,3,80900c65-7801-4641-a4a5-8cbf2afb0935,,,,,,,,,,,,,,,,,,,,,,,,,,,,,,,web,ok,GET,200,/analise,INFO,1786415124000000000,d21b8af856ad4618a85e6a409d30092c
evento=http_access status=ok,http_access,1,6a9aafdc-51f5-4be2-9e04-aafdb1aaac82,,,,,,,,,,,,,,,,,,,,,,,,,,,,,,,web,ok,GET,200,/manifest.webmanifest,INFO,1786415123000000000,6e38fb168d864ded85a59206da02634f
evento=http_access status=ok,http_access,1,d8959bad-5adf-4580-8bf3-52e9f8b371b2,,,,,,,,,,,,,,,,,,,,,,,,,,,,,,,web,ok,GET,200,/calculadora,INFO,1786415123000000000,0e12fa88c3a546338756ffc5284c86c7
evento=http_access status=ok,http_access,2,3752c998-3acb-44f1-96dd-facc9b1523d5,,,,,,,,,,,,,,,,,,,,,,,,,,,,,,,web,ok,GET,200,/manifest.webmanifest,INFO,1786415120000000000,24ebbbe43db04cad86971d22e11890c0
evento=http_access status=ok,http_access,2,febe9e8a-069e-4e0d-9e70-eb9c2e9be548,,,,,,,,,,,,,,,,,,,,,,,,,,,,,,,web,ok,GET,200,/resolucao-problemas,INFO,1786415120000000000,1585d2057e7d4a2f8e90eed85492065b
evento=http_access status=ok,http_access,2,391d0af9-56b4-4597-9e22-b709f71f2a10,,,,,,,,,,,,,,,,,,,,,,,,,,,,,,,web,ok,GET,200,/manifest.webmanifest,INFO,1786415097000000000,e227e6db71e645f9b74402291c102cc7
evento=http_access status=ok,http_access,3,90560cdf-a285-40db-b1da-1f0ec075d2f0,,,,,,,,,,,,,,,,,,,,,,,,,,,,,,,web,ok,GET,200,/resolucao-problemas,INFO,1786415097000000000,36a565d0db664e6b972054b78ff39378
evento=http_access status=ok,http_access,2,19c9f396-fbfd-4e4d-b906-73862f730b91,,,,,,,,,,,,,,,,,,,,,,,,,,,,,,,web,ok,GET,200,/manifest.webmanifest,INFO,1786415095000000000,d40dd8217ae945e7ac833c0fd5b658a1
evento=http_access status=ok,http_access,9,917ca860-2e44-4b88-b0a9-f87e7a37a171,,,,,,,,,,,,,,,,,,,,,,,,,,,,,,,web,ok,GET,200,/,INFO,1786415094000000000,609e9991e2e040bba31723a8a9b759a1
evento=pagina_erro_exibida status=warn metodo=GET rota=/rota-inexistente traceId=err-f1a6f3d5-ac90,pagina_erro_exibida,,7e128f77-8456-491e-b662-13166a7eece5,,,,,,,,,,,,,,,,,,GET,,,,,,,,/rota-inexistente,,,,err-f1a6f3d5-ac90,paginaErros,warn,,,,WARN,1786414999000000000,
evento=http_access status=ok,http_access,2,61563f72-e0ea-4c20-8842-d3edfa3d24a9,,,,,,,,,,,,,,,,,,,,,,,,,,,,,,,web,ok,GET,200,/sobre,INFO,1786414998000000000,21681e85828e449eb91a6f8fd1b17481
evento=http_access status=ok,http_access,75,e4a26ccd-4d6e-4c51-97b4-c812334499a9,,,,,,,,,,,,,,,,,,,,,,,,,,,,,,,web,ok,GET,200,/documentacao,INFO,1786414998000000000,85b00ae904304cc0a142715b873752b8
evento=http_access status=ok,http_access,2,44d32b4d-9671-4927-afdb-d21bd128f6ad,,,,,,,,,,,,,,,,,,,,,,,,,,,,,,,web,ok,GET,200,/seguranca,INFO,1786414998000000000,0b57a51dcecb4a1095c71602c940f532
evento=http_access status=ok,http_access,2,787aa037-0f15-4283-93a9-a2907488d1ce,,,,,,,,,,,,,,,,,,,,,,,,,,,,,,,web,ok,GET,200,/diagnostico,INFO,1786414998000000000,bc74728229e34c26ba7f3da1242e08ca
evento=http_access status=ok,http_access,2,075a2a38-ad08-4064-8db7-f595d0a9d8a7,,,,,,,,,,,,,,,,,,,,,,,,,,,,,,,web,ok,GET,200,/trafego,INFO,1786414998000000000,4bbba8edd66647e981cb169b91ba955d
evento=http_access status=ok,http_access,1,604089fa-c8cb-4ba7-996a-a89a8e4b2476,,,,,,,,,,,,,,,,,,,,,,,,,,,,,,,web,ok,GET,200,/localizacao,INFO,1786414998000000000,993c8bf29bae484a844d7c2426aec8f9
evento=http_access status=ok,http_access,62,0619fe4c-6d26-4478-9e56-e89e61f06c8f,,,,,,,,,,,,,,,,,,,,,,,,,,,,,,,web,ok,GET,200,/resolucao-problemas,INFO,1786414998000000000,9614d1a47d38468da769d5ca6e331857
evento=engenharia_reversa_parse status=ok avisos=3 consistente=true enlaces=3 errosCorrigidos=14 errosSemCorrecao=0 linhas=58 naoInterpretadas=0 pendencias=0 roteadores=3,engenharia_reversa_parse,,ffd2c9bd-9ca3-45e0-8083-3fb9e2f6d04d,,,3,,true,,,,,3,14,0,,,,58,,,0,,,0,,,,,3,,,,resolucaoProblemas,ok,GET,,/resolucao-problemas,INFO,1786414998000000000,9614d1a47d38468da769d5ca6e331857
evento=http_access status=ok,http_access,20,b8d48f75-ab8e-4272-8207-13b9ad08e46d,,,,,,,,,,,,,,,,,,,,,,,,,,,,,,,web,ok,GET,200,/resolucao-problemas,INFO,1786414997000000000,be579e4c358d42f694f3666d06d99d5e
evento=http_access status=ok,http_access,41,997c38aa-8ed8-4eb3-9018-6237c0375cd6,,,,,,,,,,,,,,,,,,,,,,,,,,,,,,,web,ok,GET,200,/protocolos/bgp,INFO,1786414997000000000,bda9121d84af48db81f4a30723ad2adc
evento=aprofundamento_view status=ok atributos=8 conceitos=6 passosSelecao=14 protecoes=6 protocolo=bgp,aprofundamento_view,,f37823f6-113d-46f4-83f9-6b9929e9d032,8,,,6,,,,,,,,,,,,,,,,,14,,6,bgp,,,,,,,protocolos,ok,GET,,/protocolos/bgp,INFO,1786414997000000000,bda9121d84af48db81f4a30723ad2adc
evento=http_access status=ok,http_access,57,78323a05-d60e-4255-b9c2-27cfc6cffda8,,,,,,,,,,,,,,,,,,,,,,,,,,,,,,,web,ok,GET,200,/protocolos,INFO,1786414997000000000,13571f4d3e3f45de914e19b7927e34f8
evento=catalog_load status=ok total=47,catalog_load,,029f35b0-4987-4f96-964d-1054825af692,,,,,,,,,,,,,,,,,,,,,,,,,,,,,47,,protocolos,ok,GET,,/protocolos,INFO,1786414997000000000,13571f4d3e3f45de914e19b7927e34f8
evento=catalog_load status=ok total=47,catalog_load,,1c691623-37f9-4939-9a98-28d35656b419,,,,,,,,,,,,,,,,,,,,,,,,,,,,,47,,protocolos,ok,GET,,/protocolos,INFO,1786414997000000000,13571f4d3e3f45de914e19b7927e34f8
evento=http_access status=ok,http_access,87,16c1363b-c089-4c81-be92-6b7f5cfba722,,,,,,,,,,,,,,,,,,,,,,,,,,,,,,,web,ok,GET,200,/portas,INFO,1786414996000000000,a0348ff5b48847bf8652076cff1d48f5
evento=catalog_load status=ok total=30,catalog_load,,c8d0f61a-dc48-496c-aeda-c6cb002805e1,,,,,,,,,,,,,,,,,,,,,,,,,,,,,30,,portas,ok,GET,,/portas,INFO,1786414996000000000,a0348ff5b48847bf8652076cff1d48f5
evento=http_access status=ok,http_access,3,eb53ea13-3f86-4371-a46d-cf68c628878c,,,,,,,,,,,,,,,,,,,,,,,,,,,,,,,web,ok,GET,200,/calculadora,INFO,1786414996000000000,3c9d4d3ad3f144f19036164165fe6f76
evento=http_access status=ok,http_access,33,203d582a-d013-4f0b-bca1-859fa7967893,,,,,,,,,,,,,,,,,,,,,,,,,,,,,,,web,ok,GET,200,/analise,INFO,1786414996000000000,ed676c35745e4fa78064a602abb94f38
evento=http_access status=ok,http_access,23,6d5de5f6-fa9d-4e3e-b66e-db1b8d6446fe,,,,,,,,,,,,,,,,,,,,,,,,,,,,,,,web,ok,GET,200,/,INFO,1786414996000000000,062c4cb882924612931f6a4b3b1da123
evento=app_start status=ok,app_start,,6d2a3491-2393-4fa7-8f94-cd0c5d7e56a8,,,,,,,,,,,,,,,,,,,,,,,,,,,,,,,sistema,ok,,,,INFO,1786414724000000000,
evento=pagina_erro_exibida status=warn metodo=GET rota=/sd traceId=err-3d3fb49b-f40e,pagina_erro_exibida,,33c44fd1-3248-4524-85ba-d3b2f31d1bc5,,,,,,,,,,,,,,,,,,GET,,,,,,,,/sd,,,,err-3d3fb49b-f40e,paginaErros,warn,,,,WARN,1786414353000000000,
evento=pagina_erro_exibida status=warn metodo=GET rota=/sd traceId=err-723b79f4-9069,pagina_erro_exibida,,3c19f4d5-07e9-4d37-9379-c84885baab29,,,,,,,,,,,,,,,,,,GET,,,,,,,,/sd,,,,err-723b79f4-9069,paginaErros,warn,,,,WARN,1786414094000000000,
evento=http_access status=ok,http_access,1,54825edf-5fa6-4640-82c6-210c8c50b2e2,,,,,,,,,,,,,,,,,,,,,,,,,,,,,,,web,ok,GET,200,/manifest.webmanifest,INFO,1786414052000000000,3c15205e9ba3464fb3ddc529b8259547
evento=http_access status=ok,http_access,3,adedd12c-e50c-4134-b573-cd57660ca0db,,,,,,,,,,,,,,,,,,,,,,,,,,,,,,,web,ok,GET,200,/,INFO,1786414052000000000,75f182bfaaed444ab49cae343b616551
evento=http_access status=ok,http_access,1,9e6712f1-c010-4c9b-9019-b1915839e8f7,,,,,,,,,,,,,,,,,,,,,,,,,,,,,,,web,ok,GET,200,/manifest.webmanifest,INFO,1786414049000000000,0b06ce52cd334314bdfa048ed5a8f14d
evento=http_access status=ok,http_access,8,40105316-5d6d-41e0-8dfd-549b0b9ea9b7,,,,,,,,,,,,,,,,,,,,,,,,,,,,,,,web,ok,GET,200,/telemetria,INFO,1786414049000000000,318fafcf36e14eaeb5db9517800dae20
evento=http_access status=ok,http_access,3,f7ccf03c-2996-458e-a484-9d182ca33ef0,,,,,,,,,,,,,,,,,,,,,,,,,,,,,,,web,ok,GET,200,/manifest.webmanifest,INFO,1786414010000000000,b587ce6f6a5347a89d9357be62a5da89
evento=http_access status=ok,http_access,33,6a0186a2-b949-4dc0-b749-5223bad2115b,,,,,,,,,,,,,,,,,,,,,,,,,,,,,,,web,ok,GET,200,/telemetria,INFO,1786414010000000000,269e5c8166634b5ba471d8abb93cff4c
evento=app_start status=ok,app_start,,8779650a-b9af-4426-af6d-26ebe0f6b0d2,,,,,,,,,,,,,,,,,,,,,,,,,,,,,,,sistema,ok,,,,INFO,1786413952000000000,
evento=http_access status=ok,http_access,1,13479f1c-5def-4a99-ac73-998782ef9d76,,,,,,,,,,,,,,,,,,,,,,,,,,,,,,,web,ok,GET,200,/manifest.webmanifest,INFO,1786413883000000000,1e0940753220451994da32011495016a
evento=http_access status=ok,http_access,13,68d78f4a-efe3-4170-bb7d-8625686dd4bb,,,,,,,,,,,,,,,,,,,,,,,,,,,,,,,web,ok,GET,200,/telemetria,INFO,1786413883000000000,30c4f15742b34825bcacdada93a2aa01
evento=http_access status=ok,http_access,1,3d01a808-1eec-437a-bdf7-3cfa055e8cd5,,,,,,,,,,,,,,,,,,,,,,,,,,,,,,,web,ok,GET,200,/login,INFO,1786413684000000000,07018ade6c3d4c949c0c23917dbbc39b
evento=http_access status=ok,http_access,4,792fa10f-703b-4bb4-8549-39aedb397c8f,,,,,,,,,,,,,,,,,,,,,,,,,,,,,,,web,ok,GET,200,/,INFO,1786413683000000000,b6a635bf4ca54bc79a0a107c6c0c71f7
evento=http_access status=ok,http_access,2,f9c7b454-e49d-4bdd-8403-ad201904c203,,,,,,,,,,,,,,,,,,,,,,,,,,,,,,,web,ok,GET,303,/login/github/callback,INFO,1786413683000000000,8d12b1c9284c40598b9950a17cfa9f31
evento=login_github status=state_invalido resultado=state_invalido,login_github,,592fc5e7-857f-4612-a2fd-410d82237c86,,,,,,,,,,,,,,,,,,,,,,,,,state_invalido,,,,,,seguranca,state_invalido,GET,,/login/github/callback,WARN,1786413683000000000,8d12b1c9284c40598b9950a17cfa9f31
evento=http_access status=ok,http_access,5,46a51b00-aa75-4f50-842e-5ce8a367c397,,,,,,,,,,,,,,,,,,,,,,,,,,,,,,,web,ok,GET,200,/login,INFO,1786413683000000000,eabb9c7ffa1943198b16d61a54cbb426
evento=http_access status=ok,http_access,8,76bca69c-9fa9-4947-a974-2a80607571fb,,,,,,,,,,,,,,,,,,,,,,,,,,,,,,,web,ok,GET,303,/login/github/callback,INFO,1786413682000000000,f2fb2e7825e84e81b274a9c0462c0041
evento=login_github status=state_invalido resultado=state_invalido,login_github,,59b42a0a-de88-496b-9bab-a245353513c7,,,,,,,,,,,,,,,,,,,,,,,,,state_invalido,,,,,,seguranca,state_invalido,GET,,/login/github/callback,WARN,1786413682000000000,f2fb2e7825e84e81b274a9c0462c0041
evento=http_access status=ok,http_access,4,8e91f614-ce07-4213-aca0-d3ae1b34312d,,,,,,,,,,,,,,,,,,,,,,,,,,,,,,,web,ok,GET,200,/manifest.webmanifest,INFO,1786413673000000000,4926e40487cc4100a8b2382d44aef44e
evento=http_access status=ok,http_access,3,b50fe8a3-7169-4902-9c88-9b19391d7aa2,,,,,,,,,,,,,,,,,,,,,,,,,,,,,,,web,ok,GET,200,/telemetria,INFO,1786413673000000000,4eef6b8c4da54a54910553b89e998ca4
evento=http_access status=ok,http_access,1,691519ac-5bb3-4928-93ed-50acbb9d9ae1,,,,,,,,,,,,,,,,,,,,,,,,,,,,,,,web,ok,GET,200,/manifest.webmanifest,INFO,1786413671000000000,585a71256ba14020b2128276e9a28b96
evento=http_access status=ok,http_access,14,f2a3ccad-01ee-4c1a-847a-466f5d4f1046,,,,,,,,,,,,,,,,,,,,,,,,,,,,,,,web,ok,GET,200,/,INFO,1786413671000000000,8dd5b4ffcaef4ce183a9ce209e8f4a89
evento=http_access status=ok,http_access,1,a2cccfc7-b57e-4b18-b67e-cad288184ac6,,,,,,,,,,,,,,,,,,,,,,,,,,,,,,,web,ok,GET,200,/manifest.webmanifest,INFO,1786413666000000000,e39857e6ad174df2989ff2fa815b9874
evento=http_access status=ok,http_access,2,fba6b0a6-530e-42ff-8eff-f1303f873586,,,,,,,,,,,,,,,,,,,,,,,,,,,,,,,web,ok,GET,200,/telemetria,INFO,1786413666000000000,4b47c0b76e414737a692edeea2769b93
evento=http_access status=ok,http_access,3,62dbd772-8a14-4a4c-869c-bb91f533b74d,,,,,,,,,,,,,,,,,,,,,,,,,,,,,,,web,ok,GET,200,/manifest.webmanifest,INFO,1786413658000000000,c151df92797f439181f9b30b2942b374
evento=http_access status=ok,http_access,25,90f9a8c6-83f9-4678-bd15-2a66c752c896,,,,,,,,,,,,,,,,,,,,,,,,,,,,,,,web,ok,GET,200,/telemetria,INFO,1786413658000000000,dce563fa6a1c4ee6a5c81736d5464ce4
evento=http_access status=ok,http_access,6,6b5425de-89f9-4c11-a84b-4687883d0328,,,,,,,,,,,,,,,,,,,,,,,,,,,,,,,web,ok,GET,200,/manifest.webmanifest,INFO,1786413644000000000,d48b96018cfe438292a2e63fc392926c
evento=http_access status=ok,http_access,88,becc2d80-c398-460b-9252-b6ff08e3b021,,,,,,,,,,,,,,,,,,,,,,,,,,,,,,,web,ok,GET,200,/telemetria,INFO,1786413644000000000,0d278b93332a483cb0a14baec856dbe9
evento=app_start status=ok,app_start,,4fe6eeb1-5eae-4339-9205-2912773a548f,,,,,,,,,,,,,,,,,,,,,,,,,,,,,,,sistema,ok,,,,INFO,1786413640000000000,
evento=http_access status=ok,http_access,2,47897e4b-f774-41c4-ba48-2d0976890b42,,,,,,,,,,,,,,,,,,,,,,,,,,,,,,,web,ok,GET,200,/manifest.webmanifest,INFO,1786413438000000000,180f9e7965ce4309bdd6c808c1c7d976
evento=http_access status=ok,http_access,37,dfe21466-6897-4731-ae15-dd2bc4944201,,,,,,,,,,,,,,,,,,,,,,,,,,,,,,,web,ok,GET,200,/telemetria,INFO,1786413438000000000,01d66a72ce3347f8ae17fbcf39059ee9
evento=http_access status=ok,http_access,3,4387fb64-9756-4ca7-9d3d-a74bc815550f,,,,,,,,,,,,,,,,,,,,,,,,,,,,,,,web,ok,GET,303,/telemetria,INFO,1786413410000000000,e36ecb11457d4caaa87991192b2bbdb8
evento=app_start status=ok,app_start,,16c3db41-9231-4caf-a4a6-ce9830b4f6d9,,,,,,,,,,,,,,,,,,,,,,,,,,,,,,,sistema,ok,,,,INFO,1786413384000000000,
evento=http_access status=ok,http_access,5,a8063c39-9f4c-4101-9457-79ee0ba8df6a,,,,,,,,,,,,,,,,,,,,,,,,,,,,,,,web,ok,GET,200,/manifest.webmanifest,INFO,1786413199000000000,6436e4fd4577491eb6cf8ec35bf0ea4c
evento=http_access status=ok,http_access,34,6f3b2032-b1e2-4de3-9bf7-a9f1ebee458d,,,,,,,,,,,,,,,,,,,,,,,,,,,,,,,web,ok,GET,200,/telemetria,INFO,1786413199000000000,6887af746088454bb5f8d00d0c5b68d5
evento=app_start status=ok,app_start,,80d117df-34a5-41c1-96ec-922d1aa45d04,,,,,,,,,,,,,,,,,,,,,,,,,,,,,,,sistema,ok,,,,INFO,1786413098000000000,
evento=app_start status=ok,app_start,,f33be9f7-fde2-4618-838b-6e01d206579d,,,,,,,,,,,,,,,,,,,,,,,,,,,,,,,sistema,ok,,,,INFO,1786412781000000000,
evento=http_access status=ok,http_access,0,4af7d35a-feab-49a1-878a-92e2fa414a81,,,,,,,,,,,,,,,,,,,,,,,,,,,,,,,web,ok,GET,200,/manifest.webmanifest,INFO,1786412673000000000,5594b291854a450786e60ba11bc1a112
evento=http_access status=ok,http_access,3,45161e8a-811a-4e3d-a2e1-be4b37881454,,,,,,,,,,,,,,,,,,,,,,,,,,,,,,,web,ok,GET,200,/telemetria,INFO,1786412673000000000,8ab5aa6b84034b45990e072fe44f5171
evento=http_access status=ok,http_access,1,7b5000e6-897b-4efa-9c4c-70a375fbba1b,,,,,,,,,,,,,,,,,,,,,,,,,,,,,,,web,ok,GET,200,/,INFO,1786412493000000000,690e3a0c1d9b4a3799e525d535241c0b
evento=http_access status=ok,http_access,3,b7d9b48f-dde6-451e-8f84-42020ec231e6,,,,,,,,,,,,,,,,,,,,,,,,,,,,,,,web,ok,GET,200,/,INFO,1786412492000000000,13648129339b4f49a8659495c68c947d
evento=http_access status=ok,http_access,2,b2fbeb9d-22fd-4dcd-a5d0-1e4fd6867bb6,,,,,,,,,,,,,,,,,,,,,,,,,,,,,,,web,ok,GET,200,/manifest.webmanifest,INFO,1786412406000000000,705c64904a7a42b2a0dc1427a8e65892
evento=http_access status=ok,http_access,14,62dd57b2-1603-4ddc-9d76-38c5da88ac02,,,,,,,,,,,,,,,,,,,,,,,,,,,,,,,web,ok,GET,200,/telemetria,INFO,1786412406000000000,890c9318775b412e9ca1981444bf68d1
evento=http_access status=ok,http_access,5,5f673c18-cccb-48fc-b8f8-8d79eafdd947,,,,,,,,,,,,,,,,,,,,,,,,,,,,,,,web,ok,GET,200,/manifest.webmanifest,INFO,1786412406000000000,407b92a7b47e42df9c19a2f6d830f933
evento=http_access status=ok,http_access,69,87ee7444-a41b-4aba-b676-b24bc29e9dc8,,,,,,,,,,,,,,,,,,,,,,,,,,,,,,,web,ok,GET,200,/,INFO,1786412405000000000,3fabbfcb5eb942949c3392e6682789d8
evento=app_start status=ok,app_start,,29d8a994-4b7a-47ea-b539-57b301538098,,,,,,,,,,,,,,,,,,,,,,,,,,,,,,,sistema,ok,,,,INFO,1786412393000000000,
evento=http_access status=ok,http_access,36,5bb80af5-08fb-4090-9091-1ab451fb387a,,,,,,,,,,,,,,,,,,,,,,,,,,,,,,,web,ok,GET,200,/telemetria,INFO,1786412134000000000,29dfba8832054d1ebf258df40855f1f8
evento=app_start status=ok,app_start,,5b14309f-e397-4065-a272-7d2ef68edf8b,,,,,,,,,,,,,,,,,,,,,,,,,,,,,,,sistema,ok,,,,INFO,1786412128000000000,
evento=http_access status=ok,http_access,9,181c0ac8-d1bc-4d7b-8afe-0b2dc12eaa4b,,,,,,,,,,,,,,,,,,,,,,,,,,,,,,,web,ok,GET,200,/telemetria,INFO,1786411876000000000,a62e79c2380c4bb488d25454ab4976f4
evento=http_access status=ok,http_access,3,330df0b0-aa16-4656-9827-257be68fc299,,,,,,,,,,,,,,,,,,,,,,,,,,,,,,,web,ok,GET,200,/manifest.webmanifest,INFO,1786411859000000000,76deb7ab161141cb94262203ea3b6f9b
evento=http_access status=ok,http_access,34,bcc18551-96a8-41b4-bcac-be92ec18b337,,,,,,,,,,,,,,,,,,,,,,,,,,,,,,,web,ok,GET,200,/,INFO,1786411859000000000,69b173162b5447d7b517943b0144db75
evento=app_start status=ok,app_start,,638fbb20-dd25-4a26-8a67-ec9989c60a80,,,,,,,,,,,,,,,,,,,,,,,,,,,,,,,sistema,ok,,,,INFO,1786411855000000000,
evento=http_access status=ok,http_access,1,53aebf29-4198-47dd-ae3d-6be1692ee307,,,,,,,,,,,,,,,,,,,,,,,,,,,,,,,web,ok,GET,200,/manifest.webmanifest,INFO,1786411817000000000,72be7d13fffd420c92230df67228683b
evento=http_access status=ok,http_access,2,5e221f01-17f5-41f6-a450-d01ba79d0ab1,,,,,,,,,,,,,,,,,,,,,,,,,,,,,,,web,ok,GET,200,/sobre,INFO,1786411817000000000,248f6b24675749f5bfe478381bee1bb6
evento=http_access status=ok,http_access,1,86070802-2123-4e8e-aee3-371859c98837,,,,,,,,,,,,,,,,,,,,,,,,,,,,,,,web,ok,GET,200,/manifest.webmanifest,INFO,1786411724000000000,5e86668c405b462eab92277ecc29e2e6
evento=http_access status=ok,http_access,2,430a1c83-e3bb-49f2-9824-ddd4774fd7c0,,,,,,,,,,,,,,,,,,,,,,,,,,,,,,,web,ok,GET,200,/telemetria,INFO,1786411724000000000,8cb37f620c2c4c779740953106ceb167
evento=http_access status=ok,http_access,2,30b000d2-1026-4e01-a59d-d424618bba11,,,,,,,,,,,,,,,,,,,,,,,,,,,,,,,web,ok,GET,200,/manifest.webmanifest,INFO,1786411724000000000,28bb5d6aa9924cae8f1946455f3da790
evento=http_access status=ok,http_access,20,a4e7d169-f912-475f-af51-5c905eb471b8,,,,,,,,,,,,,,,,,,,,,,,,,,,,,,,web,ok,GET,200,/documentacao,INFO,1786411723000000000,4067f91dfb6c4e4ca741c25f163d6401
evento=http_access status=ok,http_access,0,b3c0d23f-def8-4223-a861-f37632dbb724,,,,,,,,,,,,,,,,,,,,,,,,,,,,,,,web,ok,GET,200,/manifest.webmanifest,INFO,1786411723000000000,ba1bb90f2d424c8ba2358cab44525b64
evento=http_access status=ok,http_access,5,a20f5e7d-ec42-4c39-8a36-aff1adaacc10,,,,,,,,,,,,,,,,,,,,,,,,,,,,,,,web,ok,GET,200,/diagnostico,INFO,1786411723000000000,1799249916b34e36b8c9ce5bd8a73953
evento=http_access status=ok,http_access,3,1b300685-2496-4796-b91c-06798722da31,,,,,,,,,,,,,,,,,,,,,,,,,,,,,,,web,ok,GET,200,/simuladores/api/handshake,INFO,1786411722000000000,667f3bb374c2438498cd726ca62472a8
evento=handshake status=ok dados=true encerramento=true passos=9,handshake,,25fd9d63-35c4-49b2-9cc6-05b8ddeb54c7,,,,,,true,,,true,,,,,,,,,,,9,,,,,,,,,,,simuladores,ok,GET,,/simuladores/api/handshake,INFO,1786411722000000000,667f3bb374c2438498cd726ca62472a8
evento=http_access status=ok,http_access,1,ca1dab0e-9765-41e0-bd3e-57a284df1221,,,,,,,,,,,,,,,,,,,,,,,,,,,,,,,web,ok,GET,200,/manifest.webmanifest,INFO,1786411722000000000,803ed9329f9847bdb763ef276f6ca911
evento=http_access status=ok,http_access,2,a6108054-c51f-448f-a4aa-0aeef85c18b2,,,,,,,,,,,,,,,,,,,,,,,,,,,,,,,web,ok,GET,200,/trafego,INFO,1786411722000000000,2d17a9f27b584e91bb73844547834043
evento=http_access status=ok,http_access,2,6af58439-05e9-4b4e-b12c-a7ad2595d14a,,,,,,,,,,,,,,,,,,,,,,,,,,,,,,,web,ok,GET,200,/manifest.webmanifest,INFO,1786411721000000000,1a250194513340e3984a3d25bdcf6214
evento=http_access status=ok,http_access,2,3bc06ef1-5367-4a82-9804-05ed7a9b839e,,,,,,,,,,,,,,,,,,,,,,,,,,,,,,,web,ok,GET,200,/localizacao,INFO,1786411721000000000,3028ecece43641f383b14e248f74a3cc
evento=http_access status=ok,http_access,3,f0120f61-949e-4073-b87c-f357f2f0700d,,,,,,,,,,,,,,,,,,,,,,,,,,,,,,,web,ok,GET,200,/manifest.webmanifest,INFO,1786411720000000000,dc08a2cae92c464d8efd86878a15114b
evento=http_access status=ok,http_access,2,e887ddbe-160d-44d8-9a17-f7625d40e678,,,,,,,,,,,,,,,,,,,,,,,,,,,,,,,web,ok,GET,200,/seguranca,INFO,1786411720000000000,1a648090d21b4a7ca560362c3857bf5e
evento=http_access status=ok,http_access,1,06328014-abfc-4b4e-8ea1-a5d9f662650d,,,,,,,,,,,,,,,,,,,,,,,,,,,,,,,web,ok,GET,200,/manifest.webmanifest,INFO,1786411717000000000,541403ec2cba4029a058c820d4bf0801
evento=http_access status=ok,http_access,57,9a7c6727-8da3-4c1c-bea4-697b2c52d6c1,,,,,,,,,,,,,,,,,,,,,,,,,,,,,,,web,ok,GET,200,/documentacao,INFO,1786411717000000000,236e458556414811b046f49230866e58
evento=http_access status=ok,http_access,4,fc97d474-8668-4f58-908f-dc249c2f0b63,,,,,,,,,,,,,,,,,,,,,,,,,,,,,,,web,ok,GET,200,/manifest.webmanifest,INFO,1786411714000000000,bc1274c380204876bf453f6e0d78b9df
evento=http_access status=ok,http_access,2,d585c6f7-a43f-4af6-acf2-3b84a8689723,,,,,,,,,,,,,,,,,,,,,,,,,,,,,,,web,ok,GET,200,/telemetria,INFO,1786411714000000000,73f4f4a7bac240acb94511f4475caee0
evento=http_access status=ok,http_access,1,04aee65d-9edb-4daf-b934-6a8c95ef1267,,,,,,,,,,,,,,,,,,,,,,,,,,,,,,,web,ok,GET,200,/manifest.webmanifest,INFO,1786411688000000000,548f3f29414344eda47fe32db3f53141
evento=http_access status=ok,http_access,7,82c0d3e1-ae54-47c8-909a-54a5a3a53c9a,,,,,,,,,,,,,,,,,,,,,,,,,,,,,,,web,ok,GET,200,/,INFO,1786411688000000000,2de21e27539b4717acb0657c7079f969
evento=http_access status=ok,http_access,2,9059edee-cf67-43e0-8629-3d0e8c2e3501,,,,,,,,,,,,,,,,,,,,,,,,,,,,,,,web,ok,GET,200,/manifest.webmanifest,INFO,1786411671000000000,8311f7e1520f4540b2500f0e8ae8d86a
evento=http_access status=ok,http_access,5,9a35c9d3-0e32-437b-89dd-acdfb0646e2a,,,,,,,,,,,,,,,,,,,,,,,,,,,,,,,web,ok,GET,200,/telemetria,INFO,1786411671000000000,4c05e74619ff461fb7560f0923f7c0c0
evento=http_access status=ok,http_access,2,081ac562-d0c3-49e4-ac5d-af3c3ca56afd,,,,,,,,,,,,,,,,,,,,,,,,,,,,,,,web,ok,GET,200,/manifest.webmanifest,INFO,1786411591000000000,63cd57b4af684ac88ff52fd46b2fd279
evento=http_access status=ok,http_access,29,d74136ff-46f9-4827-abb5-39db861ba871,,,,,,,,,,,,,,,,,,,,,,,,,,,,,,,web,ok,GET,200,/telemetria,INFO,1786411591000000000,9ddde088b4044507a00f1d410551f468
evento=app_start status=ok,app_start,,6b62ca38-6594-42dc-88e9-153858b407f5,,,,,,,,,,,,,,,,,,,,,,,,,,,,,,,sistema,ok,,,,INFO,1786411579000000000,
evento=http_access status=ok,http_access,1,d441e02b-d215-45a5-ae43-f7e0e47a96c7,,,,,,,,,,,,,,,,,,,,,,,,,,,,,,,web,ok,GET,200,/manifest.webmanifest,INFO,1786411528000000000,26db1d0f594e4830b44a8fb4a06d42dd
evento=http_access status=ok,http_access,1,d7bdf5e6-4726-42df-9c5d-a4606222f2e3,,,,,,,,,,,,,,,,,,,,,,,,,,,,,,,web,ok,GET,200,/,INFO,1786411527000000000,217dab93ba78447da809d2b9e6bd507a
evento=http_access status=ok,http_access,2,3bd83b21-46c6-4818-a1e9-68d90f24325f,,,,,,,,,,,,,,,,,,,,,,,,,,,,,,,web,ok,GET,200,/manifest.webmanifest,INFO,1786411344000000000,2b2455e5f1dd4064bef22d126616acb5
evento=http_access status=ok,http_access,2,c244092f-f38e-4e19-94b0-737380b76d3b,,,,,,,,,,,,,,,,,,,,,,,,,,,,,,,web,ok,GET,200,/telemetria,INFO,1786411344000000000,54dfab2994924ae584e080cf7ddd7cb1
evento=http_access status=ok,http_access,3,d1e8ac9d-201f-436b-8115-676c09937e5a,,,,,,,,,,,,,,,,,,,,,,,,,,,,,,,web,ok,GET,200,/manifest.webmanifest,INFO,1786411297000000000,9f49b0ded7264caf82d9850e8ca62fe7
evento=http_access status=ok,http_access,7,8d57a91a-82ce-413e-88a8-261a92bf0a0f,,,,,,,,,,,,,,,,,,,,,,,,,,,,,,,web,ok,GET,200,/telemetria,INFO,1786411297000000000,c433f618772b455f8b07519c236745fc
evento=http_access status=ok,http_access,46,7ebcb268-bc4d-4a9e-8a36-7f182993b12d,,,,,,,,,,,,,,,,,,,,,,,,,,,,,,,web,ok,GET,200,/telemetria,INFO,1786411293000000000,5e480178eb6146e08155e9c541f789e1
evento=app_start status=ok,app_start,,df883852-90f6-42a2-ba72-b74b67c4e92d,,,,,,,,,,,,,,,,,,,,,,,,,,,,,,,sistema,ok,,,,INFO,1786411288000000000,
evento=http_access status=ok,http_access,1,38218684-43b7-4380-9cb0-d7e16e5ea4cd,,,,,,,,,,,,,,,,,,,,,,,,,,,,,,,web,ok,GET,200,/manifest.webmanifest,INFO,1786411069000000000,f702f0a6f5d740cfaec147421cc81fe2
evento=http_access status=ok,http_access,1,826bd439-07c0-4c61-b26d-77293b85fa31,,,,,,,,,,,,,,,,,,,,,,,,,,,,,,,web,ok,GET,200,/telemetria,INFO,1786411069000000000,8764c86194a94f2b94b5b6ed2a8c4a6c
evento=http_access status=ok,http_access,1,8bc1a8dd-e8ea-4d00-96a5-33647574e833,,,,,,,,,,,,,,,,,,,,,,,,,,,,,,,web,ok,GET,200,/,INFO,1786410806000000000,4a4e6623c7d041e2a6ab7542a066a6e1
evento=http_access status=ok,http_access,1,efa8bc07-43f2-4b33-9cc6-5489c7784014,,,,,,,,,,,,,,,,,,,,,,,,,,,,,,,web,ok,GET,200,/manifest.webmanifest,INFO,1786410782000000000,a3b1bab85e18404eb72eedffe10ac129
evento=http_access status=ok,http_access,3,6cfe682f-6d50-4394-ae63-45e44761c9b6,,,,,,,,,,,,,,,,,,,,,,,,,,,,,,,web,ok,GET,200,/telemetria,INFO,1786410781000000000,0897c4d5db254393aef5f573f5c6d722
evento=http_access status=ok,http_access,1,ddbd3617-6f71-4931-97b1-a019f9107bda,,,,,,,,,,,,,,,,,,,,,,,,,,,,,,,web,ok,GET,200,/manifest.webmanifest,INFO,1786410778000000000,aeee71cc2ea649008762e4375be701bb
evento=http_access status=ok,http_access,2,22a7c959-4c71-44d3-b9ec-8e9525ba3479,,,,,,,,,,,,,,,,,,,,,,,,,,,,,,,web,ok,GET,200,/telemetria,INFO,1786410778000000000,9335c22a788047e5972107e8d88d239f
evento=http_access status=ok,http_access,1,db61bad0-6e62-4647-a456-b5930259c764,,,,,,,,,,,,,,,,,,,,,,,,,,,,,,,web,ok,GET,303,/login/github,INFO,1786410772000000000,47de0aea13f841b7a4b6e72b10d4e81e
evento=http_access status=ok,http_access,1,714c326f-2994-4e77-978f-abe59af249a6,,,,,,,,,,,,,,,,,,,,,,,,,,,,,,,web,ok,GET,200,/login,INFO,1786410771000000000,ffce937e099a4a709607838ea9c99353
evento=http_access status=ok,http_access,1,34e00bc4-14c0-4259-ad99-1b33c381f70f,,,,,,,,,,,,,,,,,,,,,,,,,,,,,,,web,ok,GET,303,/telemetria,INFO,1786410771000000000,3450ba1ec21147b3b93c262a41f46bde
evento=http_access status=ok,http_access,0,284cfdfe-95ef-48bd-b96a-87c87f5757b2,,,,,,,,,,,,,,,,,,,,,,,,,,,,,,,web,ok,GET,303,/login/github,INFO,1786410422000000000,97566b1ce739450798d411290c8c3f1e
evento=http_access status=ok,http_access,1,8c2b67d5-3f89-4bde-a8c8-30283684cd0f,,,,,,,,,,,,,,,,,,,,,,,,,,,,,,,web,ok,GET,200,/login,INFO,1786410420000000000,f43e5d53ef3f428aae2e5c25217bc683
evento=http_access status=ok,http_access,0,9fdb22d8-723a-403e-8d8e-7d8f8bcad35a,,,,,,,,,,,,,,,,,,,,,,,,,,,,,,,web,ok,GET,303,/telemetria,INFO,1786410420000000000,65bde2b8f18a422d829a5cbd089a3ab5
evento=http_access status=ok,http_access,1,3105dd21-a4fa-4f1a-866e-86b948eee9ab,,,,,,,,,,,,,,,,,,,,,,,,,,,,,,,web,ok,GET,200,/,INFO,1786410418000000000,4ba1d914f89d40a9b6a8b267bdedc5a0
evento=http_access status=ok,http_access,1,9b27157e-8a41-46a5-b210-cc0771347076,,,,,,,,,,,,,,,,,,,,,,,,,,,,,,,web,ok,GET,200,/manifest.webmanifest,INFO,1786410409000000000,449441d8d9c049ba934b72f034a6c4cc
evento=http_access status=ok,http_access,4,4385f7fd-ae34-420b-b717-cd9437e55ee3,,,,,,,,,,,,,,,,,,,,,,,,,,,,,,,web,ok,GET,200,/,INFO,1786410409000000000,f9839d63d62848bab8c42820afd7f003
evento=http_access status=ok,http_access,5,45517383-7e92-4fb7-98d0-813a6336ccb9,,,,,,,,,,,,,,,,,,,,,,,,,,,,,,,web,ok,GET,200,/manifest.webmanifest,INFO,1786410013000000000,1aeffba3432b4077953521b0bc2f14ac
evento=http_access status=ok,http_access,8,5e9c03c2-7740-4db4-9bde-0ea4a054e39e,,,,,,,,,,,,,,,,,,,,,,,,,,,,,,,web,ok,GET,200,/telemetria,INFO,1786410013000000000,aa2a35e17a0546a3a8020cad7b873115
evento=http_access status=ok,http_access,550,78f78bca-e5fb-41c2-af99-5f5c40363eb2,,,,,,,,,,,,,,,,,,,,,,,,,,,,,,,web,ok,GET,303,/login/github/callback,INFO,1786410013000000000,8f88188f1b374a6f97eae1ba1325fd25
evento=login_github status=ok login=carmipa resultado=ok,login_github,,75b6e40c-19bf-4b28-95b9-cb14721aaff5,,,,,,,,,,,,,,,,,carmipa,,,,,,,,ok,,,,,,seguranca,ok,GET,,/login/github/callback,INFO,1786410013000000000,8f88188f1b374a6f97eae1ba1325fd25
evento=http_access status=ok,http_access,4,4721021d-ada9-43fc-b2a1-15ec4fc5b6a4,,,,,,,,,,,,,,,,,,,,,,,,,,,,,,,web,ok,GET,303,/login/github,INFO,1786410012000000000,6919c6dcc65342528fffff945eb3b551
evento=http_access status=ok,http_access,0,e4fb7bec-feac-473d-b914-a8adb49c09be,,,,,,,,,,,,,,,,,,,,,,,,,,,,,,,web,ok,GET,200,/manifest.webmanifest,INFO,1786409981000000000,821049e9cf88489e91180fcf5839bec9
evento=http_access status=ok,http_access,4,32e4e060-9d29-4eb1-85df-e454694bde7b,,,,,,,,,,,,,,,,,,,,,,,,,,,,,,,web,ok,GET,200,/telemetria,INFO,1786409981000000000,933e555582394a4db4fa98ac123011ea
evento=http_access status=ok,http_access,1031,f070b063-6b03-459d-9c9d-8b780ad6f45a,,,,,,,,,,,,,,,,,,,,,,,,,,,,,,,web,ok,GET,303,/login/github/callback,INFO,1786409981000000000,31735455087b4c10aa7e13337f593ecf
evento=login_github status=ok login=carmipa resultado=ok,login_github,,66612199-4335-42dd-ad2a-051861824747,,,,,,,,,,,,,,,,,carmipa,,,,,,,,ok,,,,,,seguranca,ok,GET,,/login/github/callback,INFO,1786409981000000000,31735455087b4c10aa7e13337f593ecf
evento=http_access status=ok,http_access,1,13cdf7eb-b834-4181-a97a-54824355da7a,,,,,,,,,,,,,,,,,,,,,,,,,,,,,,,web,ok,GET,303,/login/github,INFO,1786409978000000000,040064bc019741808cb31c1e26a28973
evento=http_access status=ok,http_access,2,21097de2-6c1d-4a79-9503-bc020573a50c,,,,,,,,,,,,,,,,,,,,,,,,,,,,,,,web,ok,GET,200,/login,INFO,1786409976000000000,eba1ce8f217c41f6b7f61ae1de57acdb
evento=http_access status=ok,http_access,2,14c6bf44-cca7-4f36-bcb4-ccc0af2fdd4a,,,,,,,,,,,,,,,,,,,,,,,,,,,,,,,web,ok,GET,303,/telemetria,INFO,1786409976000000000,2163f8c8919c48cbbb1adae4205bfac5
evento=http_access status=ok,http_access,1,bbcd9f11-bdaa-4300-a0b9-7d9969c6df96,,,,,,,,,,,,,,,,,,,,,,,,,,,,,,,web,ok,GET,200,/manifest.webmanifest,INFO,1786409973000000000,b77a4956bc6c4e9aa647adc37863e2f0
evento=http_access status=ok,http_access,75,f26ed702-c7a5-4bbe-b118-28f85bd59ed2,,,,,,,,,,,,,,,,,,,,,,,,,,,,,,,web,ok,GET,200,/portas,INFO,1786409973000000000,e96f4581b31b4fffb5cc42672b94eab7
evento=catalog_load status=ok total=30,catalog_load,,ab21a913-2be3-4247-8dbb-ba69ba48ca33,,,,,,,,,,,,,,,,,,,,,,,,,,,,,30,,portas,ok,GET,,/portas,INFO,1786409973000000000,e96f4581b31b4fffb5cc42672b94eab7
evento=http_access status=ok,http_access,2,d59d8b26-38eb-4046-a1b6-f8e1f8d26fc2,,,,,,,,,,,,,,,,,,,,,,,,,,,,,,,web,ok,GET,303,/telemetria,INFO,1786409822000000000,fd22e1626ef94d4b92f4d4f7202dcf9f
evento=http_access status=ok,http_access,2,46384e74-9cc4-41e4-a3af-e1751c89b7c9,,,,,,,,,,,,,,,,,,,,,,,,,,,,,,,web,ok,GET,303,/login/github,INFO,1786409822000000000,2aa50893bdaf402d883f23a04ae9abff
evento=http_access status=ok,http_access,9,c3ee1e2a-e316-4306-a7ee-dae8f7305012,,,,,,,,,,,,,,,,,,,,,,,,,,,,,,,web,ok,GET,303,/login/github,INFO,1786409822000000000,670a59d8028a425280e086a9fe506dac
evento=http_access status=ok,http_access,57,86766466-0059-4d0b-aa10-344c119518e5,,,,,,,,,,,,,,,,,,,,,,,,,,,,,,,web,ok,GET,200,/login,INFO,1786409821000000000,d8d67068f5c44ddaa7d18d6068076ae8
evento=app_start status=ok,app_start,,1af5c61d-121a-47d3-8545-74d810df57e3,,,,,,,,,,,,,,,,,,,,,,,,,,,,,,,sistema,ok,,,,INFO,1786409803000000000,
evento=http_access status=ok,http_access,4,2b12cea2-f5d6-4d99-bba0-d129ee37d3bf,,,,,,,,,,,,,,,,,,,,,,,,,,,,,,,web,ok,GET,200,/login,INFO,1786409756000000000,522d0981ae8f419ea28b685b2acbf062
evento=http_access status=ok,http_access,3,d8211933-7a5a-4deb-b39f-d2a0a0f55582,,,,,,,,,,,,,,,,,,,,,,,,,,,,,,,web,ok,GET,303,/login/github,INFO,1786409756000000000,a6bb013b0d524580b469d851213d4fd4
evento=http_access status=ok,http_access,36,836ea3d1-c3d8-42f2-9f99-c0089754da44,,,,,,,,,,,,,,,,,,,,,,,,,,,,,,,web,ok,GET,200,/login,INFO,1786409756000000000,adc4bb30e10b4ab3801a01647eb63014
evento=http_access status=ok,http_access,4,5402d4f6-e440-46ed-bae8-158ede0d8055,,,,,,,,,,,,,,,,,,,,,,,,,,,,,,,web,ok,GET,303,/telemetria,INFO,1786409755000000000,e59002eef86742f7bde0b74074ae2233
evento=app_start status=ok,app_start,,ba2db1cf-a569-406a-bb55-3e88f1672ab5,,,,,,,,,,,,,,,,,,,,,,,,,,,,,,,sistema,ok,,,,INFO,1786409735000000000,
evento=http_access status=ok,http_access,1,d0556da8-e79c-4d79-86f1-da6d04ceaf3f,,,,,,,,,,,,,,,,,,,,,,,,,,,,,,,web,ok,GET,200,/manifest.webmanifest,INFO,1786409525000000000,abf8b90463ce4a94a7352ccd86478954
evento=http_access status=ok,http_access,6,ca7a4ed7-537e-4f04-a7f6-4f10b3c4da76,,,,,,,,,,,,,,,,,,,,,,,,,,,,,,,web,ok,GET,200,/portas,INFO,1786409525000000000,627458081f0c48a5b5f3421a42a2a436
evento=catalog_load status=ok total=30,catalog_load,,e6f4fbbf-7098-4728-8b23-730c4c5480ec,,,,,,,,,,,,,,,,,,,,,,,,,,,,,30,,portas,ok,GET,,/portas,INFO,1786409525000000000,627458081f0c48a5b5f3421a42a2a436
evento=http_access status=ok,http_access,1,f45c9fab-c230-45ac-81d0-e45a25958f19,,,,,,,,,,,,,,,,,,,,,,,,,,,,,,,web,ok,GET,200,/manifest.webmanifest,INFO,1786409524000000000,c606f6ee76d04be09500c726763b88b3
evento=http_access status=ok,http_access,1,57640735-673d-4a60-b7b6-01c9d1e65dbc,,,,,,,,,,,,,,,,,,,,,,,,,,,,,,,web,ok,GET,200,/calculadora,INFO,1786409523000000000,70a1749a78d54c338fe3dc3789e80c1e
evento=http_access status=ok,http_access,1,c29f347d-b406-42f1-a403-2f3865b8a910,,,,,,,,,,,,,,,,,,,,,,,,,,,,,,,web,ok,GET,200,/mascara-referencia,INFO,1786409523000000000,a5a5b798378b4c11ba761cc14a94fafd
evento=http_access status=ok,http_access,1,6f9221f6-838d-464c-bf45-74f8568c8f51,,,,,,,,,,,,,,,,,,,,,,,,,,,,,,,web,ok,GET,200,/mascara-referencia,INFO,1786409523000000000,4018176b3942417a832d73cd1ef63b92
evento=http_access status=ok,http_access,1,3b6e5f08-023e-4127-a18f-956315a5f432,,,,,,,,,,,,,,,,,,,,,,,,,,,,,,,web,ok,GET,200,/manifest.webmanifest,INFO,1786409523000000000,a6b8a7a9775644c2aaead16ff73fdfbe
evento=http_access status=ok,http_access,3,618199b5-5e1e-46e3-bc2e-d0807a05b956,,,,,,,,,,,,,,,,,,,,,,,,,,,,,,,web,ok,GET,200,/analise,INFO,1786409523000000000,540216e945904ba88d7db7df1c89c0cf
evento=http_access status=ok,http_access,2,8076b068-bac2-4aff-84b6-c6b0864fd0f9,,,,,,,,,,,,,,,,,,,,,,,,,,,,,,,web,ok,GET,200,/manifest.webmanifest,INFO,1786409522000000000,eb25f39140ca4b5db02c0c44b3c2683a
evento=http_access status=ok,http_access,1,2898fab4-672a-4dc7-9f5d-c85c3542e8ba,,,,,,,,,,,,,,,,,,,,,,,,,,,,,,,web,ok,GET,200,/,INFO,1786409522000000000,98fc8c7c188e4847850358e62424d6ee
evento=http_access status=ok,http_access,1,785fbae6-d830-4c31-9b2f-ffacc4cff27e,,,,,,,,,,,,,,,,,,,,,,,,,,,,,,,web,ok,GET,200,/manifest.webmanifest,INFO,1786409522000000000,7e2bc99cca1444c39731202546c6d882
evento=http_access status=ok,http_access,3,ca2d8eaf-c8f1-4f2e-943a-964bd408f85f,,,,,,,,,,,,,,,,,,,,,,,,,,,,,,,web,ok,GET,200,/seguranca,INFO,1786409522000000000,891c6cf4ea9c417290712a87a068a1cd
evento=http_access status=ok,http_access,0,f6d8d36e-fd47-4024-90fa-f82f0aaede30,,,,,,,,,,,,,,,,,,,,,,,,,,,,,,,web,ok,GET,200,/manifest.webmanifest,INFO,1786409521000000000,e30ea590e9fa4945a97396c02b13c9e5
evento=http_access status=ok,http_access,2,efa5b360-9fca-45be-96c0-b8155826ebad,,,,,,,,,,,,,,,,,,,,,,,,,,,,,,,web,ok,GET,200,/admin/login,INFO,1786409521000000000,e1f179c7473a467a989b2226a735071a
evento=http_access status=ok,http_access,1,5449d95a-9fc6-4b20-9835-7819b94c86e9,,,,,,,,,,,,,,,,,,,,,,,,,,,,,,,web,ok,GET,303,/telemetria,INFO,1786409521000000000,89992cc4e4774cf2a523b01d28245d7c
evento=http_access status=ok,http_access,1,9ffeb8e2-fa04-4de6-b46c-c2ac5b5394fe,,,,,,,,,,,,,,,,,,,,,,,,,,,,,,,web,ok,GET,200,/manifest.webmanifest,INFO,1786409520000000000,188abcedb986451481193a232a148b8f
evento=http_access status=ok,http_access,30,de9e1646-fd45-4415-b92a-50cf05146c39,,,,,,,,,,,,,,,,,,,,,,,,,,,,,,,web,ok,GET,200,/documentacao,INFO,1786409520000000000,2edeb066079c4ee293f6ce84cd432059
evento=http_access status=ok,http_access,1,01d9d877-527f-46f0-a9e1-986ac5522137,,,,,,,,,,,,,,,,,,,,,,,,,,,,,,,web,ok,GET,200,/manifest.webmanifest,INFO,1786409519000000000,5f1dff34d55b460a845b6c5c644c2f1b
evento=http_access status=ok,http_access,1,8ed6ab8c-a7d2-47e8-86c7-e5ca2bb718a5,,,,,,,,,,,,,,,,,,,,,,,,,,,,,,,web,ok,GET,200,/sobre,INFO,1786409519000000000,6b4c24382b9c44a394e8291b9b64ce2d
evento=http_access status=ok,http_access,1,8a809c42-f423-4cfd-8300-4d92ef227cec,,,,,,,,,,,,,,,,,,,,,,,,,,,,,,,web,ok,GET,200,/manifest.webmanifest,INFO,1786409514000000000,c380496a8bc440f6a8760decc902d52d
evento=http_access status=ok,http_access,1,84f19353-0e00-4b67-bead-b562cbe72a4d,,,,,,,,,,,,,,,,,,,,,,,,,,,,,,,web,ok,GET,200,/,INFO,1786409514000000000,d914c2e9d47c42d495f4f0c7bb2b7e92
evento=http_access status=ok,http_access,0,14358117-0c69-43de-80ca-e43a4b04a876,,,,,,,,,,,,,,,,,,,,,,,,,,,,,,,web,ok,GET,200,/manifest.webmanifest,INFO,1786409512000000000,8efada655e2944fca34a4ff3a95b36f8
evento=http_access status=ok,http_access,6,1cd3e3df-883d-4797-ba5d-d1354ac86ed6,,,,,,,,,,,,,,,,,,,,,,,,,,,,,,,web,ok,GET,200,/admin/login,INFO,1786409512000000000,b5a8c70d2ec64d59b05a585e6fecd0c5
evento=http_access status=ok,http_access,1,173df447-a747-4e4f-a282-b752fb3ea8fe,,,,,,,,,,,,,,,,,,,,,,,,,,,,,,,web,ok,GET,200,/manifest.webmanifest,INFO,1786408968000000000,5a98d031466a4234be04311e1771d705
evento=http_access status=ok,http_access,1,dd38dce8-8534-481d-a251-ceef8d73030e,,,,,,,,,,,,,,,,,,,,,,,,,,,,,,,web,ok,GET,200,/admin/login,INFO,1786408967000000000,4ed91fd07c1943cebe9e26d316f81a37
evento=http_access status=ok,http_access,1,00589bdb-c87f-422a-a98b-4dc67008ae1e,,,,,,,,,,,,,,,,,,,,,,,,,,,,,,,web,ok,GET,200,/manifest.webmanifest,INFO,1786408842000000000,40d2ec5ab772438ab8a5d77e0c436bf6
evento=http_access status=ok,http_access,1,57e9388e-2e05-41c9-ab70-a4f614a17d91,,,,,,,,,,,,,,,,,,,,,,,,,,,,,,,web,ok,GET,200,/admin/login,INFO,1786408841000000000,96399ea5b130450d81c3e645a2cd0d91
evento=http_access status=ok,http_access,1,46f7d076-bc3e-4ad3-967b-1919605462d6,,,,,,,,,,,,,,,,,,,,,,,,,,,,,,,web,ok,GET,200,/manifest.webmanifest,INFO,1786408712000000000,f8d990a11d7240008e2d04d951fcea53
evento=http_access status=ok,http_access,2,eeaf218e-c8f7-4934-b7d6-a846631bd667,,,,,,,,,,,,,,,,,,,,,,,,,,,,,,,web,ok,GET,200,/admin/login,INFO,1786408712000000000,14b53b0863854982842cc1f0fcfe3b5f
evento=http_access status=ok,http_access,1,b1977317-129c-421c-b311-f759f5ba0a31,,,,,,,,,,,,,,,,,,,,,,,,,,,,,,,web,ok,GET,303,/telemetria,INFO,1786408712000000000,3552113744ab40eb8c66d76fa37ed75c
evento=http_access status=ok,http_access,1,3b73ce53-a60b-4983-a3bf-73532bc4b644,,,,,,,,,,,,,,,,,,,,,,,,,,,,,,,web,ok,GET,200,/manifest.webmanifest,INFO,1786408706000000000,71c21d0f0296405c9690914da38bf26b
evento=http_access status=ok,http_access,1,2422e747-55b6-4b8d-a5bb-e998f437b2f1,,,,,,,,,,,,,,,,,,,,,,,,,,,,,,,web,ok,GET,200,/,INFO,1786408706000000000,6671fce7c1bc4ecda83666065c188c06
evento=http_access status=ok,http_access,0,3b19fe79-421e-4d12-99ca-87f9ee6a8f10,,,,,,,,,,,,,,,,,,,,,,,,,,,,,,,web,ok,GET,200,/manifest.webmanifest,INFO,1786408704000000000,49f8edf9888a4db1ab7251e4498aca36
evento=http_access status=ok,http_access,3,2dfa568d-3870-475f-82c3-b46eb4ecf3c1,,,,,,,,,,,,,,,,,,,,,,,,,,,,,,,web,ok,GET,200,/sobre,INFO,1786408704000000000,f45139f5eef14b3e89b56413df2bf220
evento=http_access status=ok,http_access,1,8cb6c65b-3c38-44c8-a9d4-c33f24635ecb,,,,,,,,,,,,,,,,,,,,,,,,,,,,,,,web,ok,GET,200,/manifest.webmanifest,INFO,1786408703000000000,6c714702a87b4637b1d878c037b61b6b
evento=http_access status=ok,http_access,20,3360cd46-cb41-4fc5-8ef8-c50e2237ad0f,,,,,,,,,,,,,,,,,,,,,,,,,,,,,,,web,ok,GET,200,/documentacao,INFO,1786408703000000000,cb97df5d372c4287b02ca2681f5b7396
evento=http_access status=ok,http_access,2,7bc95340-750e-4d92-b192-a52115d85530,,,,,,,,,,,,,,,,,,,,,,,,,,,,,,,web,ok,GET,200,/manifest.webmanifest,INFO,1786408703000000000,8157de8905a44db6898654b5a64ceb11
evento=http_access status=ok,http_access,2,48f66a88-43e3-45f1-8f79-35a6bdd56cbb,,,,,,,,,,,,,,,,,,,,,,,,,,,,,,,web,ok,GET,200,/admin/login,INFO,1786408702000000000,1529378dd8234b1981fc68a6e9ab9b7e
evento=http_access status=ok,http_access,1,add60357-69bd-4eb7-8188-1bc98d10694a,,,,,,,,,,,,,,,,,,,,,,,,,,,,,,,web,ok,GET,303,/telemetria,INFO,1786408702000000000,ba84aaa8ae4549b584501bf2075bda9b
evento=http_access status=ok,http_access,1,9a0c2df9-b7c6-4416-a3e9-1ff44807f1b7,,,,,,,,,,,,,,,,,,,,,,,,,,,,,,,web,ok,GET,200,/manifest.webmanifest,INFO,1786408702000000000,378115a4a3574ed5aed0ae18c3b7e7dc
evento=http_access status=ok,http_access,1,0b1d5b37-5fce-4206-a88b-54c896852654,,,,,,,,,,,,,,,,,,,,,,,,,,,,,,,web,ok,GET,200,/seguranca,INFO,1786408702000000000,e8ac62196fca46958ced26622e86678d
evento=http_access status=ok,http_access,2,6a6d5220-85df-4b33-84a3-1f1a48cdeb90,,,,,,,,,,,,,,,,,,,,,,,,,,,,,,,web,ok,GET,200,/manifest.webmanifest,INFO,1786408701000000000,610bb0991fe84f3d866ee421118ebe31
